question,answer
What is the Australian Citizenship Pledge ,"From this time forward, under God,
I pledge my loyalty to Australia and its people,
whose democratic beliefs I share,
whose rights and liberties I respect, and
whose laws I will uphold and obey. "
Who are Australia’s frst inhabitants?,Australia's first inhabitants are the Aboriginal and Torres Strait Islander peoples.
Where are Aboriginal people historically from?,"Historically, Aboriginal people are from mainland Australia and Tasmania"
When did the archaeological record suggest that Aboriginal peoples arrived in Australia?,"Archaeological record indicates that Aboriginal peoples arrived in Australia between 65,000 and 40,000 years ago."
How do Aboriginal peoples perceive their connection to creation stories and time?,"Aboriginal peoples believe they are central to the creation stories of the land, and their creation stories commence with the beginning of time."
Where are Torres Strait Islander people from?,Torres Strait Islander people are from islands between the northern tip of Queensland and Papua New Guinea.
What role do age-old beliefs and traditions play in the lives of Aboriginal and Torres Strait Islander peoples?,Age-old beliefs and traditions still guide the lives of Aboriginal and Torres Strait Islander peoples today.
How is the deep connection of Aboriginal and Torres Strait Islander peoples to the land expressed?,"The deep connection to the land is expressed in their stories, art, and dance."
 Why are Indigenous cultures considered an important part of Australia's national identity?,"Indigenous cultures are considered an important part of Australia's national identity due to their rich history, unique traditions, and significant contributions to the country's cultural heritage."
"When did European settlement begin in Australia, and what event marked the beginning?",European settlement started on 26 January 1788 when the 'First Fleet' of 11 convict ships arrived from Great Britain.
Why did the British Government transport convicts to the new colony of New South Wales?,"British laws were harsh, and the jails couldn't hold the large number of people imprisoned for their crimes. To address this issue, convicts were transported to the new colony."
"Who was the first Governor of the colony of New South Wales, and what was his role?",The first Governor of the colony was Captain Arthur Phillip. His role was to oversee and manage the colony's development.
How did the colony of New South Wales grow and develop over time?,"As more convicts and free settlers arrived, the colony grew and developed. Additionally, more colonies were established in various parts of Australia."
"What major influence did British and Irish heritage have on Australia's history, culture, and politics?","The British and Irish heritage had a significant influence on Australia's recent history, culture, and politics."
"What event sparked the 'gold rush' in Australia in 1851, and how did it impact the colonies?",The 'gold rush' began in 1851 after gold was discovered in the colonies of New South Wales and Victoria. It led to an influx of people from around the world seeking their fortunes.
Who were the first large group of migrants not from Europe to arrive in Australia during the gold rush?,Chinese people were the first large group of migrants not from Europe to arrive in Australia during the gold rush.
How did the gold rush impact Australia's population within a span of 10 years?,"Within 10 years of the gold rush, Australia's population more than doubled due to the influx of people seeking gold and opportunities."
"When did the separate colonies of Australia unite into a federation of states, and what was it called?","In 1901, the separate colonies were united into a federation of states called the Commonwealth of Australia."
What significant democratic institutions were established in Australia in 1901 under the new Australian Constitution?,"Australia's national democratic institutions, including the national parliament, government, and the High Court, were established in 1901 under the new Australian Constitution."
What was Australia's population in 1901 when the Commonwealth of Australia was established?,"In 1901, Australia's population was about four million."
When were Aboriginal and Torres Strait Islander peoples included in official estimates of the Australian population?,"After a Referendum in 1967, Aboriginal and Torres Strait Islander peoples were included in official estimates of the Australian population."
What major migration patterns occurred in the first half of the 20th century?,"Migration levels rose and fell in the first half of the 20th century. There were programs to encourage British migrants to settle in Australia, and a wave of non-British migration followed World War II."
Why did large numbers of Europeans come to Australia after World War II?,"After World War II, millions of people in Europe had to leave their homelands, leading to a wave of non-British migration to Australia."
What are some reasons why people have migrated to Australia in recent years?,"People have migrated to Australia in recent years to join family, create a new life, or escape poverty, war, or persecution."
 How has the diversity of Australia's population changed over the last two centuries?,"The diversity of Australia's population has increased over the last two centuries, contributing to a more diverse and prosperous society."
"What is Australia's national language, and why is it important for migrants to learn and use English?",Australia's national language is English. Migrants are encouraged to learn and use English to participate effectively in Australian society.
What is the significance of the numerous Aboriginal and Torres Strait Islander languages in Australia?,More than 100 distinct Aboriginal and Torres Strait Islander languages are valued as part of Australia's linguistic and cultural heritage.
What is the Commonwealth of Australia?,The Commonwealth of Australia is a federation of states and territories.
How many states and territories does Australia have?,Australia has six states and two mainland territories.
Which city is the capital of Australia?,Canberra is Australia's capital city.
Does each state and mainland territory have its own capital?,"Yes, each state and mainland territory in Australia has its own capital."
What is the state capital of New South Wales (NSW),Sydney
What is the state capital of Victoria (Vic.) ,Melbourne 
What is the state capital of Queensland (Qld) ,Brisbane
What is the state capital of Western Australia (WA) ,Perth
What is the state capital of South Australia (SA) ,Adelaide
What is the state capital of Tasmania (Tas.) ,Hobart
What is the territory capital of Australian Capital Territory (ACT) ,Canberra
What is the territory capital of Northern Territory (NT) ,Darwin
Which was the first British colony established in Australia?,The first British colony established in Australia was New South Wales.
"What is the capital city of New South Wales, and what is notable about it?","The capital city of New South Wales is Sydney, and it is the nation's largest city. The Sydney Harbour Bridge and Opera House are national icons located there."
What is the smallest of the mainland states in Australia?,Victoria is the smallest of the mainland states.
What significant event led to the creation of many fine buildings in Victoria?,The gold rush of the 1850s led to the creation of many fine buildings in Victoria.
What is the capital city of Victoria?,The capital city of Victoria is Melbourne.
What are some of Victoria's notable icons?,"Victoria's icons include the Melbourne Cricket Ground, the 12 Apostles, and the Royal Exhibition Building."
Which state in Australia is the second largest in terms of area?,Queensland is the second largest state in Australia.
"What is the capital city of Queensland, and what geographical features are significant in the state?",The capital city of Queensland is Brisbane. The state is known for the Torres Strait Islands to the north and the Great Barrier Reef along its eastern coast.
Describe the landscapes of Queensland.,"Queensland has tropical rainforests, temperate coastal areas, and often dry inland regions."
What is the largest state in Australia in terms of area?,Western Australia is the largest state in Australia.
Name the capital city of Western Australia and describe the geographical features of the state.,Perth is the capital city of Western Australia. The state has a mostly desert eastern region and a rich agricultural and wine-growing area in the south-west. It also hosts significant mining projects.
What are some iconic places in Western Australia?,"Western Australia's icons include the Ningaloo Coast, Margaret River, and the Kimberley region."
What are some notable characteristics of South Australia?,"South Australia has a rugged coastline and is known for its famous wine regions. The capital city, Adelaide, showcases fine colonial architecture."
What are some icons associated with South Australia?,South Australia's icons include the Barossa Valley and the Flinders Ranges.
"How is Tasmania separated from the mainland, and what is its capital city?",Tasmania is separated from the mainland by the Bass Strait. Its capital city is Hobart.
Describe Tasmania's landscapes.,Much of Tasmania has unspoilt wilderness landscapes.
Name some iconic places in Tasmania.,"Tasmania's icons include Cradle Mountain, Port Arthur, and the Bay of Fires."
"Where is the Australian Capital Territory located, and what city is situated there?",The Australian Capital Territory is located between Sydney and Melbourne. The city situated there is Canberra
"Which national institutions can be found in Canberra, the capital city of the Australian Capital Territory?","Several national institutions are located in Canberra, including Parliament House and the High Court of Australia."
What are some notable geographical features of the Northern Territory?,The Northern Territory has a tropical environment in the north of the state and a dry red desert in the south
What is the capital city of the Northern Territory?,The capital city of the Northern Territory is Darwin.
Name some iconic places associated with the Northern Territory.,"Northern Territory icons include Uluru, Kata Tjuta, and Kings Canyon."
"What is a ""Welcome to Country""?","A ""Welcome to Country"" is a cultural practice performed by an Aboriginal or Torres Strait Islander custodian of the local region. It involves welcoming visitors to their traditional land."
"What was the traditional purpose of a ""Welcome to Country""?","The traditional purpose of a ""Welcome to Country"" was to ensure that visitors had a safe and protected journey during their time on that land."
"In what forms can a ""Welcome to Country"" take place?","A ""Welcome to Country"" can take place through various forms, including songs, dances, smoking ceremonies, or speeches in traditional language or English"
"When is a ""Welcome to Country"" typically performed during an event?","A ""Welcome to Country"" is usually the first item of proceedings to open an event."
"What is an ""Acknowledgement of Country""?","An ""Acknowledgement of Country"" is an opportunity to recognize that the gathering is taking place on Aboriginal or Torres Strait Islander land. It involves paying respect to Traditional Custodians, particularly Elders past and present, and acknowledging Aboriginal and Torres Strait Islander peoples in attendance."
"When is an ""Acknowledgement of Country"" typically delivered during events?","An ""Acknowledgement of Country"" is usually delivered as part of the Welcome and Housekeeping at meetings and events."
"Who can deliver an ""Acknowledgement of Country""?","Anyone can deliver an ""Acknowledgement of Country."" In meetings or events, this task is generally done by the Chair or Master of Ceremonies."
What is the purpose of these practices?,"These practices are performed to show respect for Aboriginal and Torres Strait Islander peoples, acknowledge their connection to the land, and pay homage to their cultural heritage."
When is Australia Day celebrated each year?,Australia Day is celebrated on 26 January every year.
Is Australia Day a public holiday?,"Yes, Australia Day is a public holiday in every state and territory in Australia."
What event does Australia Day commemorate?,Australia Day commemorates the anniversary of the arrival of the First Fleet from Great Britain in 1788.
How do communities across Australia typically observe Australia Day?,"On Australia Day, communities across Australia reflect on the nation's history and the contributions of its people to shared achievements."
What is the significance of Australia Day as a public holiday?,"Australia Day is the biggest annual public holiday in Australia, and it's a day to acknowledge and celebrate the contribution of every Australian to the contemporary and dynamic nation."
Who does Australia Day celebrate and acknowledge?,"Australia Day celebrates and acknowledges the contribution of every Australian, from the Aboriginal and Torres Strait Islander peoples who have been here for approximately 65,000 years, to those who have lived here for generations, and those who have migrated to the country."
How is Australia Day marked across the country?,"Australia Day is marked by events and celebrations across the nation, including special citizenship ceremonies."
What special event takes place during Australia Day celebrations in Canberra?,"During Australia Day celebrations, the Prime Minister announces the Australian of the Year Awards in Canberra."
When is Anzac Day commemorated each year?,Anzac Day is commemorated on 25 April every year.
"What does ""Anzac"" stand for in Anzac Day?","""Anzac"" stands for the Australian and New Zealand Army Corps."
Why is Anzac Day named after the Anzacs?,"Anzac Day is named after the Australian and New Zealand Army Corps, which landed at Gallipoli in Türkiye during World War I on 25 April 1915."
How is Anzac Day observed?,"Anzac Day is a solemn day of remembrance when Australians remember the sacrifice of all those who served and died in wars, conflicts, and peacekeeping operations."
"Besides remembering those who served and died, what else does Anzac Day honor?",Anzac Day also honors the courage and commitment of all servicemen and women who have served the country.
What are the colors of the Australian National Flag?,"The Australian National Flag features the colors blue, white, and red."
"What is located in the top left corner of the Australian National Flag, and what does it represent?","The 'Union Jack,' which is the flag of the United Kingdom, is in the top left corner. It represents Australia's history of British settlement and the laws and institutions inherited from that period."
"What is located just under the Union Jack on the Australian National Flag, and what does it symbolize?","The Commonwealth Star, which has seven points, is located just under the Union Jack. Each of its points represents one of the six states and one point represents the territories of Australia."
What is depicted on the right side of the Australian National Flag?,"On the right side of the flag, there is the Southern Cross, which is a group of stars visible in the southern sky."
What are the colors of the Australian Aboriginal Flag?,"The Australian Aboriginal Flag features the colors black, red, and yellow."
 What does the black color at the top half of the Australian Aboriginal Flag represent?,The black color at the top half represents the Aboriginal peoples of Australia.
What is symbolized by the red color at the bottom half of the Australian Aboriginal Flag?,"The red color at the bottom half of the flag represents the earth, which holds ceremonial significance."
What does the yellow circle on the Australian Aboriginal Flag represent?,The yellow circle on the flag represents the sun.
What are the colors of the Torres Strait Islander Flag?,"The Torres Strait Islander Flag features the colors green, blue, black, and white."
What do the green stripes on the Torres Strait Islander Flag symbolize?,The green stripes on the flag represent the land.
What does the blue panel in the center of the Torres Strait Islander Flag represent?,The blue panel in the center of the flag represents the sea.
What is the significance of the black lines on the Torres Strait Islander Flag?,The black lines represent the Torres Strait Islander people.
What does the white dancer's headdress in the center of the Torres Strait Islander Flag symbolize?,The white dancer's headdress is a symbol for all Torres Strait Islanders.
What do the points of the white star on the Torres Strait Islander Flag represent?,The points of the white star represent the island groups in the Torres Strait.
What does the color white symbolize on the Torres Strait Islander Flag?,The color white symbolizes peace on the Torres Strait Islander Flag.
What does the Commonwealth Coat of Arms represent?,"The Commonwealth Coat of Arms is the official symbol of the Commonwealth of Australia, representing national unity and identifying the authority and property of the Commonwealth."
What does the shield in the center of the Commonwealth Coat of Arms symbolize?,The shield in the center represents the six states of Australia and their federation.
Which native Australian animals support the shield on each side of the Commonwealth Coat of Arms?,"A kangaroo and an emu, both native Australian animals, support the shield on each side."
What is located above the shield on the Commonwealth Coat of Arms?,"Above the shield, there is a gold Commonwealth Star."
What serves as the background of the Commonwealth Coat of Arms?,"The background is the golden wattle, which is Australia's national flower."
What is Australia's national flower?,Australia's national flower is the golden wattle.
Where does the golden wattle tree primarily grow in Australia?,The golden wattle tree grows mainly in south-eastern Australia.
How does the golden wattle tree look during spring?,"During spring, the golden wattle tree features bright green leaves and numerous golden yellow flowers."
What is unique about the floral emblems of the states and territories of Australia?,Each of the states and territories of Australia has its own distinct floral emblem.
 What are Australia's national colours?,"Australia's national colours are green and gold, which are the colours of the golden wattle."
In what context are the national colours of green and gold commonly seen?,The uniforms of Australia's national sports teams are typically in green and gold.
What is Australia's national gemstone?,Australia's national gemstone is the opal.
 What is the origin of the opal's colors according to Aboriginal legend?,"According to Aboriginal legend, the colors of the opal were created when a rainbow touched the earth."
What type of government does Australia have?,Australia has a parliamentary democracy as its system of government.
Where does the power of the government in Australia come from?,"The power of the government in Australia comes from the Australian people, as they vote for representatives to serve in parliament."
How do Australian citizens contribute to the government's authority?,Australian citizens contribute to the government's authority by electing representatives to parliament.
How do representatives in the Australian parliament remain accountable to the people?,"Representatives in the Australian parliament are accountable to the people through elections, where they must answer for the decisions they make."
How are all Australians treated under the law?,All Australians are treated as equals under the law.
What does the Rule of Law signify?,"The Rule of Law means that no person, group, or religious entity is exempt from the law's jurisdiction. Everyone, regardless of their position, must adhere to Australia's laws."
Who is required to obey Australia's laws?,"The principle of the Rule of Law applies to everyone, including individuals who hold positions of power in the Australian community. This encompasses government officials, community leaders, religious figures, business individuals, and even law enforcement."
What is the general sentiment of Australians regarding their country?,Australians take pride in residing in a peaceful country with a stable system of government.
How do Australians believe change should be brought about?,"Australians believe that change should be pursued through methods such as discussion, peaceful persuasion, and adherence to the democratic process."
How does the Australian approach to change differ from violent means?,Australians reject violence as a means to change either an individual's perspective or the law.
What principle is the foundation of Australia's democratic system?,"Australia's democratic system is grounded in the principle that every individual, regardless of their background, possesses rights and equality under Australian law."
How are Australians expected to treat each other?,"Australians are expected to treat each other with dignity and respect, irrespective of factors such as race, country of origin, gender, sexual orientation, marital status, age, disability, heritage, culture, politics, wealth, or religion."
What does freedom of speech represent in Australia?,Freedom of speech is a fundamental Australian value that forms the basis of our democratic system. It enables people to freely express their thoughts and engage in discussions
What does freedom of speech allow individuals to do?,"Freedom of speech allows individuals to voice their opinions, share their thoughts through speech and writing, and engage in dialogue with others."
How does freedom of speech enable people to interact with the government?,"People can use freedom of speech to criticize the government, peacefully protest against government decisions, and advocate for changes to laws, as long as they are abiding by Australian laws."
What does freedom of expression encompass?,"Freedom of expression encompasses the ability to express views through various forms, including art, film, music, and literature."
What kind of discussions can individuals have under freedom of speech?,People are free to engage in social or political discussions in public or private settings.
Are there any limitations to freedom of speech and expression?,"Yes, even while exercising freedom of speech and expression, individuals must always abide by Australian laws. It's also important to respect the freedom of speech and expression of others."
What is meant by freedom of association in Australia?,Freedom of association refers to the right to form and join associations with shared objectives.
How does freedom of association manifest in Australia?,"Australians have the freedom to join legal organizations, including political parties, trade unions, religious, cultural, or social groups. This also means individuals have the right not to join such organizations and cannot be compelled to do so."
What does freedom of association allow Australians to do?,Australians have the liberty to assemble with others to protest against government actions or organizational decisions.
Are there any limitations to freedom of association?,"Yes, while exercising freedom of association, individuals must always adhere to Australian laws. This implies that gatherings must be peaceful and should not cause harm to any person or damage to property."
What is Australia's religious heritage?,"Australia has a Judaeo-Christian heritage, and while many Australians identify as Christians, the country is home to people practicing various religions."
What public holidays are observed in Australia due to its Christian heritage?,"Australia observes public holidays on Christian days like Good Friday, Easter Sunday, and Christmas Day."
How does the Australian government treat its citizens in terms of religion?,"The government treats all citizens equally, irrespective of their religion or beliefs. Australia's government is secular, operating independently from religious entities."
Does Australia have an official national religion?,"Australia does not have an official national religion, and individuals are free to follow any religion or choose not to follow any."
What principle prevails when there is a conflict between an Australian law and a religious practice?,"In case of a conflict between an Australian law and a religious practice, Australian law takes precedence."
Are there any limitations even when engaging in religious practices?,"Yes, even while practicing one's religion, individuals must adhere to Australian laws."
Do men and women have equal rights in Australia?,"Yes, men and women have equal rights in Australia."
What does the law say about discriminating based on gender?,It is against the law in Australia to discriminate against a person based on their gender.
What do Australians value in their society?,"Australians value equal opportunity in their society, often referred to as a 'fair go'."
 What does the concept of a 'fair go' mean?,"The concept of a 'fair go' in Australia signifies that individuals' achievements in life should be a result of their talents, hard work, and effort, rather than being influenced by their wealth or background."
What is the purpose of emphasizing equal opportunity and a 'fair go'?,Emphasizing equal opportunity and a 'fair go' aims to ensure that there are no formal class distinctions in Australian society.
: What are the responsibilities of an Australian citizen?,"As an Australian citizen, you have several responsibilities, including obeying the laws of Australia."
What are the voting obligations for Australian citizens?,"Australian citizens are required to vote in federal and state or territory elections, as well as in referendums."
What is the expectation related to defending Australia for Australian citizens?,Australian citizens are expected to defend Australia if the need arises.
Are Australian citizens required to serve on a jury?,"Yes, Australian citizens may be called upon to serve on a jury if required to do so."
What voting rights do Australian citizens have?,"Australian citizens can vote in both federal and state or territory elections, as well as in referendums."
How can Australian citizens help their children born overseas become citizens?,Australian citizens can apply for their children born overseas to become Australian citizens by descent.
What job opportunities are available to Australian citizens?,Australian citizens can apply for jobs in the Australian Public Service or in the Australian Defence Force.
Are Australian citizens eligible to seek election to parliament?,"Yes, Australian citizens can seek election to parliament."
 How can Australian citizens travel internationally?,Australian citizens can apply for an Australian passport and freely re-enter Australia.
What assistance can Australian citizens get while overseas?,Australian citizens can request consular assistance from an Australian official while abroad.
What is the expectation regarding obeying laws in Australia?," It is an expectation that all individuals in Australia, including Australian citizens and others, obey the laws of the country."
 Why are laws made by representatives in government?,"Laws are crafted by government representatives to ensure the preservation of an orderly, free, and safe society, as well as to safeguard individual rights."
 What is the purpose of obeying laws?,"Obeying laws in Australia is essential for maintaining societal order, promoting freedom, and ensuring safety."
Who has the right to vote in Australia?,"All Australian citizens aged 18 years or older have the responsibility, right, and privilege to vote."
"All Australian citizens aged 18 years or older have the responsibility, right, and privilege to vote.","Australian citizens aged 18 years or older are responsible for voting in federal and state or territory elections, as well as in referendums."
What is the significance of voting for Australian citizens?,"By voting, Australian citizens contribute to how Australia is governed and have a say in shaping the country's future."
Is voting compulsory in Australia?,"Yes, voting is compulsory in federal and state or territory elections. However, in some states, voting may not be compulsory in local government elections."
Who is responsible for jury service in Australia?,Australian citizens aged 18 years or over have the responsibility for jury service if requested.
What is a jury's role in a court case?,A jury is a group of ordinary Australian men and women who listen to the evidence presented in a court case and determine whether a person is guilty or not guilty.
Who can be called for jury service?,Australian citizens who are on the electoral roll may be called to serve on a jury.
Who is eligible to seek election to parliament in Australia?,"Australian citizens aged 18 years or over, who are not dual citizens, are eligible to seek election to parliament at the federal, state, or territory level."
How can an Australian citizen receive assistance while overseas?,"While overseas, you can request help from Australian government officials at embassies, high commissions, or consulates in various countries. They can offer assistance during emergencies, civil unrest, natural disasters, and other times of need."
 What types of assistance can Australian officials provide to citizens overseas?,"Australian officials overseas can assist with emergency passports, offer advice and support in cases of accidents, serious illnesses, or death."
Can Australian citizens apply for their overseas-born children to become citizens?," Yes, Australian citizens can apply for their child born overseas to become an Australian citizen by descent."
How does Australia encourage citizens to participate in society?,"Australia encourages citizens to actively engage in society, taking on the responsibility and privilege of shaping the country's future."
What are examples of ways citizens can actively participate in society?,"Active citizens can join local community organizations, volunteer for social and community work, become part of arts or cultural groups, and actively engage in political life."
Why is paying taxes important for Australian citizens?,"Paying taxes is a vital way for citizens to directly contribute to the Australian community, and it is required by law. Taxes are paid out of earned income from jobs, businesses, or investments, and they support various services and infrastructure."
What does tax contribute to in Australia?,"Taxes are crucial for providing services like government-funded healthcare and education, defense, transportation infrastructure (roads and railways), and social security."
How does working and paying taxes benefit the Australian community?,"By working and paying taxes, citizens support the government in providing essential services to the Australian community. These services contribute to making Australia a peaceful and prosperous nation."
What is the role of the Australian Electoral Commission (AEC)?,"The Australian Electoral Commission (AEC) is a Commonwealth agency responsible for organizing federal elections and referendums, as well as maintaining the Commonwealth electoral roll. It operates independently of the government, and its decisions are not influenced by political parties or government officials."
How does the AEC ensure the secrecy of voting?,"In Australia, voting in an election is conducted by a secret ballot, ensuring that you can freely and safely vote for any candidate. The identity of your chosen candidate remains confidential, unless you voluntarily disclose it."
What happens if someone doesn't vote in an election without a valid reason?,"If you don't vote in an election without a valid reason, you may be required to pay a fine. Compulsory voting is in place to ensure that citizens have a voice in selecting their representatives in parliament."
How can Australian citizens voice their concerns about government policy?,Australian citizens have the ability to contact their elected representative to express their concerns regarding government policy.
What is the purpose of citizens contacting their elected representative?,"By contacting their elected representative, citizens contribute to shaping laws and policies of the government. This ensures that all Australians can have a role in the governance process."
What was the state of Australia before 1901?,"Before 1901, Australia was comprised of six separate, self-governing British colonies."
What challenges did the separate colonies face?,"The separate colonies encountered challenges such as expensive and slow trade and transport between them, difficulties in enforcing laws across borders, and weak defense systems."
Why did people want to unite the colonies?,"People wanted to unite the colonies to overcome challenges, foster closer ties, and form a single nation. Additionally, Australia's national identity was gradually taking shape."
How did Australia's national identity start to form?,"Australia's national identity began to take shape through representation in international sports, the development of an Australian culture in songs, poems, stories, and art."
 When did the colonies unite into a federation?,"On 1 January 1901, the separate colonies were united to form the Commonwealth of Australia, a federation of states."
What is the Commonwealth of Australia Constitution Act 1900?,"The Commonwealth of Australia Constitution Act 1900, also known as the Australian Constitution, is the legal document that outlines the fundamental rules for governing Australia."
How was the Australian Constitution established?,The Australian Constitution was initially passed as part of a British Act of Parliament in 1900.
When did the Australian Constitution come into effect?,"The Australian Constitution came into effect on 1 January 1901, marking the formation of the independent nation of the Commonwealth of Australia."
What key bodies did the Australian Constitution establish?,"The Australian Constitution established the Parliament of the Commonwealth of Australia, comprising a House of Representatives and a Senate. It also established the High Court of Australia, responsible for applying and interpreting the country's laws."
How can the Australian Constitution be amended?,"The Australian people can modify the Australian Constitution by participating in referendums. For instance, the 1967 Referendum, where over 90% of Australians voted 'Yes' to include Aboriginal peoples in the Census."
What is required for a change to the Australian Constitution in a referendum?,"To alter the Australian Constitution through a referendum, a 'double majority' is necessary. This means that both a majority of voters in a majority of states and a majority of voters across the entire nation must support the change."
How does the Australian Constitution distribute governmental power?,"The Australian Constitution divides governmental power among three branches: legislative (Parliament), executive (Prime Minister and Cabinet), and judicial (judges), preventing concentration of power in one person or group."
What is legislative power in the Australian government?,Legislative power involves creating laws. The Parliament holds the authority to establish and modify laws in Australia. Parliament consists of elected representatives chosen by the Australian people.
What is executive power in the Australian government?,"Executive power involves executing laws. The Executive branch includes the Prime Minister, government ministers, and the Governor-General. Ministers oversee government departments responsible for implementing laws."
What is judicial power in the Australian government?,Judicial power entails interpreting and applying the law. Judges hold the authority to interpret laws and ensure their application. Courts and judges operate independently from Parliament and the government.
Who is Australia's Head of State?,"Australia's Head of State is the King of Australia, currently His Majesty King Charles III."
How is the Governor-General appointed?,"The King of Australia appoints the Governor-General as his representative in Australia, following advice from the Australian Prime Minister."
What is the role of the Governor-General?,The Governor-General operates independently of political parties and serves as the King's representative. Their role is distinct from day-to-day government operations.
Does the King have an active role in the Australian government?,"No, the King of Australia does not have a day-to-day role in the Australian government."
What is the role of state governors in Australia?,"In each state, a governor represents the King in a role similar to that of the Governor-General on a state level."
What type of government is Australia?,"Australia is a constitutional monarchy, where the King serves as the Head of State, bound by the Constitution. However, as the King doesn't reside in Australia, his powers are vested in the Governor-General."
How does the King's role relate to Australia's Constitution?,"The King's actions must align with the Constitution, which guides his authority as Head of State within Australia."
Who carries out the King's powers in Australia?,The Governor-General in Australia carries out the powers of the King since he doesn't reside in the country.
How does Australia's political system function?,"Australia's political system is a blend of British and North American influences, creating a distinctive Australian model. It is based on a parliamentary democracy."
Who leads the Australian Government?,The leader of the Australian Government is the Prime Minister
Is the Governor-General part of the government in Australia?,"No, the Governor-General is not part of the government and is required to maintain neutrality."
What are some key responsibilities of the Governor-General?,"The Governor-General's responsibilities include signing Bills passed by the Australian Parliament into law (Royal Assent), performing ceremonial duties, approving appointments in the Australian Government, starting federal election processes, and serving as the Commander-in-Chief of the Australian Defence Force."
What are 'reserve powers' of the Governor-General?,"The Governor-General possesses 'reserve powers,' which are special powers that can only be used in specific circumstances."
Who is the Head of State of Australia?,The King of Australia serves as the Head of State.
What is the role of the Governor-General?,The Governor-General is the representative of the Head of State in Australia and carries out various official duties.
Who represents the Head of State in each Australian state?,"In each Australian state, a Governor represents the Head of State."
Who is the leader of the Australian Government?,The leader of the Australian Government is the Prime Minister.
What is the role of a Premier?,A Premier is the leader of a state government in Australia.
Who leads a territory government in Australia?,A Chief Minister leads a territory government in Australia.
What is a government minister?,A government minister is a Member of Parliament chosen by a government leader to oversee a specific area of government.
What does MP stand for and represent?,MP stands for Member of Parliament. An MP is an elected representative of the people in the Australian Parliament or a state parliament.
What is a Senator?,A Senator is an elected representative of a state or territory in the Australian Parliament.
Who is a Mayor or Shire President?,A Mayor or Shire President is the leader of a local government.
What does a Councillor do?,A Councillor is an elected member of a local council.
What is another name for the Australian Government?,The Australian Government is also known as the Federal Government or the Commonwealth Government.
Who makes up the Australian Government?,"The Australian Government is composed of members of the Australian Parliament, which includes two Houses: the House of Representatives and the Senate."
What are the two Houses of the Australian Parliament?,The two Houses of the Australian Parliament are the House of Representatives and the Senate.
How do Australian citizens participate in a federal election?,"In a federal election, Australian citizens have the opportunity to vote for representatives to both the House of Representatives and the Senate in the Australian Parliament."
What is the House of Representatives?,"The House of Representatives is one of the two Houses in the Australian Parliament, also known as the Lower House or the People's House"
How is Australia divided for representation in the House of Representatives?,"Australia is divided into federal electorates, and Members of Parliament (MPs) represent the people in their respective electorates."
How is the number of MPs in the House of Representatives determined?,"The number of MPs for each state and territory is determined based on the population of that state or territory. In total, there are over 150 members elected to the House of Representatives."
What is the primary role of the House of Representatives?,"The primary role of the House of Representatives is to consider, debate, and vote on proposals for new laws or changes to the laws, as well as to discuss matters of national importance."
What is the Senate?,"The Senate is the second House in the Australian Parliament, often referred to as the Upper House, the House of Review, or the States' House."
How do voters from each state participate in the Senate?,"Voters from each state elect senators to represent them in the Senate. Every state has equal representation in the Senate, regardless of its size or population."
How many senators are there in total?,"There is a total of 76 senators. Each state elects 12 senators, while the Australian Capital Territory and the Northern Territory each elect two senators."
What are the responsibilities of senators in the Senate?,"Senators in the Senate also engage in considering, debating, and voting on new laws or amendments to existing laws. Additionally, they discuss matters of national importance."
What does each state government have?,Each state government has its own parliament and constitution.
Who are the leaders of state and territory governments?,"The leader of a state government is called the Premier, while the leader of a territory government is known as the Chief Minister."
What is the role of a Governor in each state?,"In each state, a Governor represents the King of Australia. They hold a ceremonial and representative role."
What is the role of an Administrator in the Northern Territory?,"In the Northern Territory, an Administrator is appointed by the Governor-General. Their role is similar to that of a state Governor."
What rights do states have according to the Constitution?,"States have rights recognized by the Constitution, which means they possess certain legislative powers and autonomy."
How do states and territories differ in terms of lawmaking?,"States have the power to enact laws in their own right. However, self-governing territories' laws can be modified or revoked by the Australian Government."
How are representatives elected in state and territory elections?,Australian citizens participate in state and territory elections to elect representatives for their respective areas. These representatives become members of the state or territory parliament.
What are local government areas in Australia?,"Local government areas in Australia are divisions within states and territories, such as cities, shires, towns, or municipalities."
 What is the role of local councils?,Local councils are responsible for planning and delivering services to their local communities.
How are local councillors elected?,Citizens in each local government area participate in elections to elect their local councillors.
What is the Australian Government is responsible for?,"taxation
national economic management
immigration and citizenship
employment assistance
postal services and the communications network
social security (pensions and family support)
defence
trade and commerce
airports and air safety
foreign affairs (relations with other countries). "
What are state and territory governments are primarily responsible for?,"hospitals and health services
schools
roads and railways
forestry
police and ambulance services
public transport. "
What are local governments (and the Australian Capital Territory Government) are responsible for?,"street signs, traffc controls
local roads, footpaths, bridges
drains
parks, playgrounds, swimming pools, sports grounds
camping grounds and caravan parks
food and meat inspection
noise and animal control
rubbish collection
local libraries, halls and community centres
certain child-care and aged-care issues
building permits
social planning
local environmental issues. "
What role do political parties play in the way Australia is governed? ,"A political party is a group of people who share similar ideas about how a country should be governed. They work together to have the party’s ideas turned into laws. The main political parties in Australia are the Liberal Party of Australia, the Australian Labor Party, the Nationals and the Australian Greens.
Most parliamentarians belong to political parties. Some do not belong to any political party, and they are called ‘independents’. In Australia, people are free to join a political party if they choose. "
How is the Australian Government formed? ,"After a federal election, the Australian Government is generally formed by the party or coalition of parties with the
majority of members in the Houses of Representatives. The leader of this party becomes the leader of the
Australian Government: the Prime Minister.
After a federal election, the party or coalition of parties with the second largest number of members in the
House of Representatives forms the Opposition. Its leader is called the Leader of the Opposition.
The Prime Minister recommends members of the House of Representatives or Senators to become ministers in
the Australian Government. The Governor-General approves the appointment of the Prime Minister and ministers.
Government ministers are responsible for an area of government (called a portfolio), such as employment,
Indigenous Affairs or the Treasury. Ministers with the most important portfolios make up the Cabinet, which is the
key decision making body of government. "
How are laws made?,"The Australian Parliament has the power to make or change laws in Australia to beneft the nation. If a member of the Australian Parliament proposes to introduce a new law or
change an existing one, this proposal is called a ‘Bill’.
The House of Representatives and the Senate consider,
debate and vote on whether they agree with the Bill.
If the majority of members in each House of Parliament agree to the Bill,
it goes to the Governor-General.
The Governor-General signs a Bill so that it becomes law.
This is called ‘Royal Assent’. "
What is the nature of the courts in Australia?,The courts in Australia operate independently and are responsible for administering justice.
: What is the primary role of a court in Australia?,Courts in Australia determine whether a person has violated the law or not and determine appropriate penalties if necessary.
How do courts make their decisions?,Courts base their decisions solely on the evidence presented before them during the legal proceedings.
Who holds the highest authority in a court?,"The judge or magistrate is the highest authority in a court, and their decisions are independent and not subject to external influence."
 How are judges and magistrates appointed?,"Judges and magistrates are appointed by the government, but their positions are secure and cannot be revoked by the government based on disagreements with their decisions."
What is the presumption of innocence in Australia's court system?,"In Australia's court system, individuals are presumed innocent until proven guilty in a court of law."
Do individuals have the right to legal representation in court?,"Yes, every person has the right to be represented by a lawyer in court proceedings"
 How is a jury used in Australia's legal system?,"In some cases, a jury is used to decide whether a person has broken the law. A jury is made up of ordinary Australian citizens randomly selected from the population, and their role is to determine whether the person is innocent or guilty based on the evidence presented."
What role does a judge play in a trial involving a jury?,"The judge explains the law to the jury and guides them on legal matters. If the jury finds an individual guilty in a criminal trial, the judge is responsible for determining the appropriate penalty."
What is the role of the police in Australia?,"The police in Australia are responsible for maintaining peace, order, and public safety. They protect life and property and have the authority to arrest individuals suspected of breaking the law."
Are the police independent of the government?,"Yes, the police are independent of the government. They operate separately from political influence and are responsible for enforcing laws impartially."
Can the police arrest someone if they believe they have broken the law?,"es, if the police believe that someone has broken the law, they have the authority to arrest Ythem and bring them before a court of law."
Do the police determine whether a person is guilty or not?,"No, while the police may provide evidence in court, it is the court's responsibility to determine whether a person is guilty or not based on the evidence presented."
Are there different police forces in Australia?,"Yes, each state and the Northern Territory have their own police forces responsible for dealing with crimes under state and territory laws. Additionally, there is a national police force called the Australian Federal Police (AFP) responsible for federal law enforcement."
What types of crimes does the Australian Federal Police (AFP) handle?,"The AFP investigates crimes against federal laws, including drug trafficking, crimes related to national security, and environmental crimes. It also handles general police work in the Australian Capital Territory."
What is the relationship between the police and the community in Australia?,"The police and the community in Australia have a positive relationship. Individuals can report crimes and seek assistance from local police, fostering a sense of safety and security within the community."
Is bribery of the police a crime in Australia?,"es, bribery of the police is considered a serious crime in Australia. Offering or giving a bribe to a police officer is against the law."
Is it important to be familiar with the laws in Australia?,"Yes, it's essential to be familiar with the laws in Australia. Ignorance of the law is not an excuse, and breaking a law you didn't know about can still lead to charges."
What are some of the most serious crimes in Australia?,"Some of the most serious crimes in Australia include murder, assault, sexual assault, violence against people or property, armed robbery, theft, illegal drug possession, fraud, and dangerous driving."
Is violence towards another person considered a serious crime in Australia?,"Yes, violence towards another person is illegal and considered a very serious crime in Australia. This includes violence within relationships and marriages, which is known as domestic or family violence."
What is domestic and family violence?,"Domestic and family violence includes behavior or threats aimed at controlling a partner by causing fear or threatening their safety. It can involve hitting, isolating family members, or threatening children or pets."
Is domestic and family violence accepted in Australia?,"No, domestic and family violence is not accepted in Australia and is against the law. Regardless of gender, anyone who commits these crimes can face jail time."
What should you do if you're in danger or know someone who is?,"If you or someone you know is in danger, you should contact the police. Additional information and support can be found at websites like www.respect.gov.au and www.1800respect.org.au."
Who controls road and traffic rules in Australia?,Road and traffic rules in Australia are controlled by state and territory governments.
What can happen if someone breaks traffic laws in Australia?,"People who break traffic laws in Australia can be fined or even sent to prison, depending on the severity of the offense."
What do you need to drive a car in Australia?,"To drive a car in Australia, you need a local driver's license, and the car must be registered."
Are seatbelts mandatory for everyone in a car?,"Yes, everybody traveling in a car in Australia must wear a seatbelt. Babies and young children must also be secured in an approved car seat."
What are some strict traffic laws in Australia?,"Traffic laws in Australia are stringent. It's illegal to drive after taking drugs or if you are above the blood alcohol limit. Additionally, using a hand-held mobile device while driving is against the law."
What values are central to the Australian community?,"The values of freedom, respect, fairness, and equality of opportunity are central to the Australian community."
How do these values impact the country?,"These values define and shape Australia, making it a secure, prosperous, and peaceful place to live."
Why do many people want to become Australian citizens?,Many people aspire to become Australian citizens because they want to live in a country that upholds and embodies these values.
How does Australian citizenship relate to these values?,Australian citizenship involves living out these values in everyday life and in local communities. Understanding and respecting these values is crucial for all Australian citizens.
What is the Rule of Law?,The Rule of Law is a principle that ensures all Australians are equal in relation to the law and that no person or group is above the law.
How are Australians protected by the law?,"Laws and legal systems protect all Australians, contributing to a peaceful and orderly society."
How does the Rule of Law promote equality?,"The Rule of Law ensures that everyone is equal under the law, regardless of their background, status, or influence."
Why is it important to obey the law?,"Obeying the law is essential for maintaining a just society. Breaking the law can result in penalties, regardless of whether someone is watching."
What's the significance of following the law even when no one is watching?,"Upholding the law even when unobserved demonstrates integrity and a commitment to a lawful society, reinforcing the principles of equality and fairness."
How do Australian citizens participate in the government?,Australian citizens are involved in governance by electing representatives to parliament who make decisions on their behalf.
What is the source of the government's power?,"The government's power is derived from the Australian people, as citizens vote for representatives to parliament."
Why is voting important in Australia?,"Voting is compulsory in Australia, highlighting the significance of participating in elections to shape the nation's future."
What does freedom of speech mean in Australia?,Freedom of speech in Australia allows individuals to express their ideas freely as long as it is within the boundaries of the law. This includes the ability to discuss and share thoughts on various topics through various mediums.
Can Australians peacefully protest against the government?,"Yes, Australians have the right to engage in peaceful protests against government actions. Peaceful public protests are an integral part of democracy and are tolerated within the legal framework."
Are there any limitations to freedom of speech in Australia?,"Yes, there are limitations to freedom of speech in Australia. Promoting violence against individuals or groups based on characteristics like culture, ethnicity, religion, or background is not acceptable and is against Australian values and the law. False allegations and encouraging lawbreaking are also illegal."
What is freedom of association in Australia?,"Freedom of association in Australia means that individuals are free to join or leave any group voluntarily, as long as it's within the bounds of the law. This includes the ability to join legal organizations like political parties, trade unions, religious groups, and social organizations."
Can Australians gather for protests or public demonstrations?,"Yes, Australians are allowed to gather for protests or demonstrations, including those aimed at government actions or organizational decisions. However, these gatherings must be peaceful, not cause harm to people or property, and remain within the confines of the law."
What is the stance of Australia on religious freedom?,"Australia upholds the freedom of religion, allowing individuals to choose and follow their preferred faith. There is no official national religion in Australia, and the government treats all citizens equally regardless of their religion. However, religious practices must adhere to Australian laws."
Are religious laws legally enforceable in Australia?,"No, religious laws do not hold legal status in Australia. It is Australian law that must be adhered to by all individuals within the country, even if it differs from religious laws."
Can individuals practice polygamy or forced marriage in Australia?,"No, practicing polygamy (having multiple spouses simultaneously) and forced marriage are against the law in Australia. Engaging in such practices can lead to severe legal consequences, including imprisonment."
s religious intolerance accepted in Australian society?,"No, religious intolerance is not accepted in Australian society. The country values equal opportunity for all individuals, regardless of their ethnicity or religion. People are encouraged to pursue their goals and interests, provided they are in accordance with Australian law."
How are individuals of different ethnicities and religions treated in Australia?,"In Australia, all individuals are entitled to equal opportunity regardless of their ethnicity or religion. The country values diversity and encourages inclusivity, as long as individuals abide by Australian law in their pursuits."
How does Australian society view the equality of all individuals?,"Australian society highly values the equal rights of all individuals, regardless of factors such as gender, sexual orientation, age, disability, religion, race, or national or ethnic origin."
Are there laws in place to protect individuals from discrimination in Australia?,"Yes, Australia has established various laws to prevent individuals from being treated unfairly or differently based on their backgrounds. These laws ensure that people from different walks of life are treated equally under the law."
Does Australia provide preferential treatment based on background or beliefs?,"No, the Australian legal system does not allow preferential treatment based on factors such as religion. The law is applied uniformly to ensure fairness and equal treatment for all individuals, regardless of their faith."
What is the stance of Australian law on marriage?,"Australian law allows two people to marry each other, irrespective of their gender. This means that same-sex marriages are legally recognized in Australia."
Do men and women have equal rights in Australia?,"Yes, both men and women have equal rights in Australia. They are provided with equal opportunities to pursue their goals, access education and employment, participate in elections, stand for public office, and serve in institutions like the Australian Defence Force and the police force."
Is gender-based discrimination prohibited in Australia?,"Yes, it is against the law to discriminate against an individual based on their gender in Australia. The legal framework ensures that women and men are treated equally in various aspects, including employment opportunities and other areas of society."
Are individuals selected for jobs solely based on merit in Australia?,"Yes, Australia prioritizes merit-based selection for job opportunities. An individual's qualifications and skills are the determining factors for job placement. It is not permissible to discriminate against a candidate based on their gender; the best-qualified candidate is selected."
What rights do both men and women have in Australia regarding personal matters?,"Both men and women in Australia have the right to make independent choices about personal matters, including decisions related to marriage and religion. They are legally protected from intimidation or violence. Furthermore, any form of physical violence against a spouse or partner is not acceptable and is considered a criminal offense."
Is divorce allowed in Australia?,"Yes, divorce is acceptable in Australia. Either a husband or a wife has the right to apply for a Ydivorce in the courts, even if the other spouse wishes to continue the marriage."
What is the principle of a 'fair go' in Australian society?,"The principle of a 'fair go' is deeply ingrained in Australian society. It means that everyone, regardless of their background, should have an equal opportunity to achieve success in life. This principle rejects class distinctions and emphasizes that individuals should not be limited by their gender, wealth, or ethnicity."
How does Australia ensure equality of opportunity?,"In Australia, equality of opportunity is promoted by making sure that legal rights are the same for all individuals, regardless of their background. The law supports the selection of individuals for jobs based on their skills and experience, rather than factors like gender, wealth, or ethnicity. This ensures that individuals are given opportunities based on merit."
Are migrants in Australia given the opportunity to succeed?,"Yes, many new migrants in Australia have achieved success in various fields, including business, professions, the arts, public service, and sports, through hard work and enterprise. Australia provides opportunities for migrants to pursue their goals and become leaders in their chosen fields."
What does mutual respect and tolerance mean in Australia?,"In Australia, mutual respect and tolerance mean that individuals must respect the freedom and dignity of others, including their opinions and choices. Australians believe in peaceful disagreement and uphold the right of every person to be safe and free from violence and intimidation."
Are there strict laws regarding the age of sexual consent in Australia?,"Yes, there are very strict laws in Australia concerning the age of sexual consent. The age of consent is typically 16 or 17, depending on the state or territory in which you reside. For example, it is against the law for a 20-year-old person to have sexual relations with a 15-year-old, as this is illegal in all Australian states and territories."
How does Australia view the actions of the police?,"In Australia, the lawful actions of the police are expected to be supported by the public. People are encouraged to obey lawful requests from the police, as part of the commitment to following the law."
What values are associated with mutual respect and tolerance in Australia?,"Australia values the principles of mutual respect and tolerance, which involve listening to others, respecting their views and opinions, and being tolerant of differences even when there are disagreements. Racism is strongly condemned in Australia, including acts such as creating or sharing racially offensive material and making racially abusive comments in public places or at sporting events."
What is the expectation from Australian citizens regarding making a contribution to the community?,"Australian citizens are expected to fully participate in the nation's life and community. They should be ready to fulfill their responsibilities as citizens, including making a contribution to the community. This includes efforts to support themselves and their families when they are able to do so."
How do Australians demonstrate compassion for those in need?,"Australians value 'mateship' and help each other in times of need. This can involve acts of kindness such as taking a meal to an elderly neighbor, providing transportation to a friend's medical appointment, or visiting someone who is sick, frail, or lonely. Australia has a strong tradition of community service and volunteering as a way to support each other and strengthen the community."
Why is learning English important for people living in Australia?,"Learning English is considered important in Australia as it is the national language and a unifying element of society. Proficiency in English is essential for various aspects of life, including education, employment, and social integration. It is seen as crucial for economic participation and social cohesion. Applicants for Australian citizenship must commit to making reasonable efforts to learn the English language if it is not their native language."
What responsibilities do Australians have to help protect society?,"Australians have a responsibility to help protect society. For instance, if someone suspects that a friend or neighbor may be planning to commit a serious crime, they should report it to Australian government authorities promptly. Similarly, if someone witnesses or has knowledge of a child being abused, they should report it to the police for investigation. Australia does not tolerate online abuse or cyber abuse, and many forms of cyber abuse are illegal."
What does loyalty to Australia mean for Australian citizens?,"In the citizenship pledge, Australian citizens pledge their loyalty to Australia and its people. While Australian citizens may hold dual or multiple citizenships, they must follow all Australian laws at all times, even when they are overseas. Loyalty to Australia is based on shared obligations not to undermine Australia's interests and security. For example, activities such as sharing official government secrets on social media or promoting distrust and fear of an ethnic community can damage Australian community relations and undermine the nation's interests."
